id,name,max_hp,max_mp,attack_bonus,defense,mat,mdf,agi,luk,price,note,rate
1,锐利的木剑 🗡️ Lv9,451,97,21,0,0,0,0,0,1297,0,1.2x * 2.5x
2,超神的法杖 🏏 Lv1,252,63,0,0,79,68,0,0,6137,0,4.0x * 0.9x
3,锐利的双手剑 ⚔️ Lv4,173,186,32,0,0,0,1,0,1893,0,1.2x * 1.3x
4,普通的大锤 🏏 Lv10,153,142,48,0,0,0,-12,0,1993,0,1.0x * 3.0x
5,超神的双手剑 ⚔️ Lv2,178,193,92,0,0,0,-17,0,4002,0,4.0x * 1.1x
6,破损的匕首 🔪 Lv3,476,268,0,0,0,0,14,4,1326,0,0.7x * 1.2x
7,精良的勇者剑 🗡️ Lv1,35,53,17,0,13,13,14,18,3554,0,1.5x * 0.9x
8,精良的勇者剑 🗡️ Lv7,269,263,24,0,36,31,31,31,7382,0,1.5x * 1.6x
9,普通的小刀 🔪 Lv4,410,67,0,0,0,0,11,0,753,0,1.0x * 1.3x
10,传奇的弓 🏹 Lv2,392,265,22,0,0,0,41,0,3545,0,2.0x * 1.1x
11,超神的大锤 🏏 Lv3,428,243,86,0,0,0,-9,0,4235,0,4.0x * 1.2x
12,灭世的大锤 🏏 Lv8,283,176,450,0,0,0,-162,0,14670,0,10.0x * 1.8x
13,灭世的匕首 🔪 Lv8,473,129,0,0,0,0,306,162,23686,0,10.0x * 1.8x
14,破损的双手剑 ⚔️ Lv9,144,234,38,0,0,0,-7,0,1832,0,0.7x * 2.5x
15,精良的木杖 🏏 Lv9,418,104,0,0,18,0,0,0,1143,0,1.5x * 2.5x
16,普通的弓 🏹 Lv3,328,116,9,0,0,0,20,0,1675,0,1.0x * 1.2x
17,锐利的钢剑 🗡️ Lv1,436,173,16,0,0,0,0,0,1118,0,1.2x * 0.9x
18,普通的钢剑 🗡️ Lv3,427,236,16,0,0,0,0,0,1178,0,1.0x * 1.2x
19,传奇的钢剑 🗡️ Lv8,80,158,46,0,0,0,0,0,2484,0,2.0x * 1.8x
20,灭世的木杖 🏏 Lv2,123,80,0,0,77,0,0,0,3971,0,10.0x * 1.1x
21,普通的钢剑 🗡️ Lv2,356,275,14,0,0,0,0,0,1093,0,1.0x * 1.1x
22,极差的勇者剑 🗡️ Lv4,425,236,13,0,7,9,12,8,2647,0,0.5x * 1.3x
23,精良的木剑 🗡️ Lv8,412,168,16,0,0,0,0,0,1105,0,1.5x * 1.8x
24,传奇的双手剑 ⚔️ Lv8,343,230,93,0,0,0,-18,0,4094,0,2.0x * 1.8x
25,传奇的双手剑 ⚔️ Lv10,400,204,102,0,0,0,-24,0,4237,0,2.0x * 3.0x
26,灭世的钢剑 🗡️ Lv5,249,57,210,0,0,0,0,0,10640,0,10.0x * 1.4x
27,极差的钢剑 🗡️ Lv1,335,49,7,0,0,0,0,0,510,0,0.5x * 0.9x
28,灭世的木剑 🗡️ Lv6,224,297,60,0,0,0,0,0,3371,0,10.0x * 1.5x
29,普通的双手剑 ⚔️ Lv1,209,100,18,0,0,0,0,0,1069,0,1.0x * 0.9x
30,极差的勇者剑 🗡️ Lv2,324,193,5,0,8,8,6,7,1841,0,0.5x * 1.1x
31,灭世的双手剑 ⚔️ Lv1,43,281,189,0,0,0,-9,0,9295,0,10.0x * 0.9x
32,超神的大锤 🏏 Lv2,385,241,96,0,0,0,-30,0,3669,0,4.0x * 1.1x
33,精良的木剑 🗡️ Lv2,252,49,8,0,0,0,0,0,533,0,1.5x * 1.1x
34,普通的小刀 🔪 Lv9,489,228,0,0,0,0,35,0,2141,0,1.0x * 2.5x
35,破损的弓 🏹 Lv3,303,295,9,0,0,0,10,0,1346,0,0.7x * 1.2x
36,精良的勇者剑 🗡️ Lv1,377,32,16,0,18,14,18,17,4027,0,1.5x * 0.9x
37,破损的弓 🏹 Lv5,306,18,10,0,0,0,10,0,1120,0,0.7x * 1.4x
38,破损的木剑 🗡️ Lv10,168,72,8,0,0,0,0,0,528,0,0.7x * 3.0x
39,锐利的木剑 🗡️ Lv5,141,140,10,0,0,0,0,0,687,0,1.2x * 1.4x
40,超神的勇者剑 🗡️ Lv6,341,235,78,0,72,60,90,90,18648,0,4.0x * 1.5x
41,精良的小刀 🔪 Lv3,219,259,0,0,0,0,14,0,1032,0,1.5x * 1.2x
42,传奇的木剑 🗡️ Lv3,294,162,14,0,0,0,0,0,960,0,2.0x * 1.2x
43,普通的双手剑 ⚔️ Lv7,198,129,36,0,0,0,0,0,1995,0,1.0x * 1.6x
44,普通的小刀 🔪 Lv2,444,171,0,0,0,0,14,0,1019,0,1.0x * 1.1x
45,传奇的木剑 🗡️ Lv6,405,130,21,0,0,0,0,0,1315,0,2.0x * 1.5x
46,普通的木剑 🗡️ Lv4,379,227,7,0,0,0,0,0,703,0,1.0x * 1.3x
47,普通的小刀 🔪 Lv4,149,226,0,0,0,0,14,0,975,0,1.0x * 1.3x
48,传奇的木剑 🗡️ Lv4,397,89,10,0,0,0,0,0,721,0,2.0x * 1.3x
49,超神的匕首 🔪 Lv7,463,260,0,0,0,0,134,57,9964,0,4.0x * 1.6x
50,普通的木剑 🗡️ Lv7,302,22,11,0,0,0,0,0,672,0,1.0x * 1.6x
51,灭世的匕首 🔪 Lv2,399,87,0,0,0,0,165,110,13970,0,10.0x * 1.1x
52,传奇的双手剑 ⚔️ Lv5,309,124,56,0,0,0,2,0,3127,0,2.0x * 1.4x
53,精良的木杖 🏏 Lv4,395,180,0,0,13,0,0,0,961,0,1.5x * 1.3x
54,灭世的木剑 🗡️ Lv8,269,189,90,0,0,0,0,0,4778,0,10.0x * 1.8x
55,灭世的勇者剑 🗡️ Lv7,418,161,176,0,192,240,272,320,55500,0,10.0x * 1.6x
56,灭世的匕首 🔪 Lv3,352,299,0,0,0,0,300,108,20816,0,10.0x * 1.2x
57,超神的双手剑 ⚔️ Lv9,250,98,160,0,0,0,-10,0,7681,0,4.0x * 2.5x
58,灭世的法杖 🏏 Lv5,490,85,0,0,322,280,0,0,24748,0,10.0x * 1.4x
59,极差的勇者剑 🗡️ Lv3,326,265,7,0,8,9,10,6,2193,0,0.5x * 1.2x
60,锐利的双手剑 ⚔️ Lv8,346,58,49,0,0,0,2,0,2723,0,1.2x * 1.8x
61,灭世的双手剑 ⚔️ Lv7,427,230,400,0,0,0,-48,0,17972,0,10.0x * 1.6x
62,普通的钢剑 🗡️ Lv6,459,84,25,0,0,0,0,0,1487,0,1.0x * 1.5x
63,灭世的大锤 🏏 Lv8,117,212,306,0,0,0,-126,0,9251,0,10.0x * 1.8x
64,传奇的法杖 🏏 Lv7,376,201,0,0,67,41,0,0,4906,0,2.0x * 1.6x
65,精良的小刀 🔪 Lv2,442,128,0,0,0,0,23,0,1425,0,1.5x * 1.1x
66,破损的木剑 🗡️ Lv9,28,133,7,0,0,0,0,0,492,0,0.7x * 2.5x
67,锐利的钢剑 🗡️ Lv9,68,251,48,0,0,0,0,0,2673,0,1.2x * 2.5x
68,灭世的法杖 🏏 Lv3,260,292,0,0,348,240,0,0,24978,0,10.0x * 1.2x
69,极差的双手剑 ⚔️ Lv3,68,44,13,0,0,0,0,0,716,0,0.5x * 1.2x
70,锐利的小刀 🔪 Lv3,151,299,0,0,0,0,14,0,1049,0,1.2x * 1.2x
71,精良的大锤 🏏 Lv4,382,53,37,0,0,0,-5,0,1780,0,1.5x * 1.3x
72,锐利的弓 🏹 Lv7,94,75,23,0,0,0,32,0,2856,0,1.2x * 1.6x
73,精良的小刀 🔪 Lv9,245,86,0,0,0,0,33,0,1817,0,1.5x * 2.5x
74,超神的钢剑 🗡️ Lv9,471,170,160,0,0,0,0,0,8327,0,4.0x * 2.5x
75,锐利的双手剑 ⚔️ Lv8,390,143,32,0,0,0,2,0,1973,0,1.2x * 1.8x
76,普通的木杖 🏏 Lv8,277,234,0,0,10,0,0,0,826,0,1.0x * 1.8x
77,精良的小刀 🔪 Lv10,49,132,0,0,0,0,63,0,3298,0,1.5x * 3.0x
78,传奇的钢剑 🗡️ Lv1,239,217,21,0,0,0,0,0,1346,0,2.0x * 0.9x
79,灭世的木剑 🗡️ Lv4,472,231,91,0,0,0,0,0,4938,0,10.0x * 1.3x
80,精良的双手剑 ⚔️ Lv5,182,259,31,0,0,0,0,0,1869,0,1.5x * 1.4x
81,普通的小刀 🔪 Lv8,47,88,0,0,0,0,23,0,1253,0,1.0x * 1.8x
82,灭世的勇者剑 🗡️ Lv8,240,140,216,0,288,306,270,198,58000,0,10.0x * 1.8x
83,传奇的大锤 🏏 Lv10,222,247,90,0,0,0,0,0,4821,0,2.0x * 3.0x
84,精良的法杖 🏏 Lv5,461,265,0,0,81,35,0,0,5518,0,1.5x * 1.4x
85,传奇的匕首 🔪 Lv6,396,91,0,0,0,0,51,15,3523,0,2.0x * 1.5x
86,精良的钢剑 🗡️ Lv9,313,18,63,0,0,0,0,0,3272,0,1.5x * 2.5x
87,极差的弓 🏹 Lv7,255,35,8,0,0,0,11,0,1070,0,0.5x * 1.6x
88,锐利的弓 🏹 Lv6,497,108,18,0,0,0,32,0,2773,0,1.2x * 1.5x
89,普通的勇者剑 🗡️ Lv4,450,267,19,0,23,14,23,19,5037,0,1.0x * 1.3x
90,普通的小刀 🔪 Lv6,44,247,0,0,0,0,15,0,1011,0,1.0x * 1.5x
91,超神的法杖 🏏 Lv10,431,99,0,0,456,144,0,0,27362,0,4.0x * 3.0x
92,精良的木剑 🗡️ Lv7,449,245,16,0,0,0,0,0,1194,0,1.5x * 1.6x
93,极差的法杖 🏏 Lv8,82,157,0,0,27,12,0,0,1894,0,0.5x * 1.8x
94,极差的双手剑 ⚔️ Lv1,371,252,8,0,0,0,0,0,775,0,0.5x * 0.9x
95,破损的法杖 🏏 Lv9,396,193,0,0,66,33,0,0,4615,0,0.7x * 2.5x
96,精良的木剑 🗡️ Lv1,481,144,6,0,0,0,0,0,604,0,1.5x * 0.9x
97,超神的钢剑 🗡️ Lv2,494,133,52,0,0,0,0,0,2897,0,4.0x * 1.1x
98,传奇的木杖 🏏 Lv1,459,155,0,0,10,0,0,0,808,0,2.0x * 0.9x
99,精良的双手剑 ⚔️ Lv9,243,294,71,0,0,0,-18,0,3025,0,1.5x * 2.5x
100,精良的匕首 🔪 Lv5,475,80,0,0,0,0,48,12,3238,0,1.5x * 1.4x
101,精良的弓 🏹 Lv5,342,37,18,0,0,0,33,0,2701,0,1.5x * 1.4x
102,超神的木杖 🏏 Lv1,315,26,0,0,14,0,0,0,831,0,4.0x * 0.9x
103,传奇的木杖 🏏 Lv10,436,281,0,0,48,0,0,0,2826,0,2.0x * 3.0x
104,超神的勇者剑 🗡️ Lv4,372,224,57,0,78,98,52,104,17838,0,4.0x * 1.3x
105,普通的钢剑 🗡️ Lv1,110,149,14,0,0,0,0,0,885,0,1.0x * 0.9x
106,精良的大锤 🏏 Lv2,147,298,26,0,0,0,-8,0,1247,0,1.5x * 1.1x
107,破损的木杖 🏏 Lv1,382,107,0,0,5,0,0,0,484,0,0.7x * 0.9x
108,破损的小刀 🔪 Lv10,73,85,0,0,0,0,23,0,1259,0,0.7x * 3.0x
109,普通的木剑 🗡️ Lv9,231,85,10,0,0,0,0,0,662,0,1.0x * 2.5x
110,灭世的木剑 🗡️ Lv4,127,151,65,0,0,0,0,0,3443,0,10.0x * 1.3x
111,锐利的木杖 🏏 Lv6,369,294,0,0,9,0,0,0,867,0,1.2x * 1.5x
112,灭世的钢剑 🗡️ Lv7,62,209,288,0,0,0,0,0,14629,0,10.0x * 1.6x
113,超神的匕首 🔪 Lv9,195,181,0,0,0,0,220,80,15246,0,4.0x * 2.5x
114,锐利的双手剑 ⚔️ Lv1,407,81,24,0,0,0,-1,0,1366,0,1.2x * 0.9x
115,破损的木剑 🗡️ Lv7,389,100,6,0,0,0,0,0,529,0,0.7x * 1.6x
116,普通的木杖 🏏 Lv6,222,200,0,0,7,0,0,0,624,0,1.0x * 1.5x
117,精良的法杖 🏏 Lv3,300,13,0,0,48,36,0,0,3593,0,1.5x * 1.2x
118,传奇的木杖 🏏 Lv2,427,22,0,0,15,0,0,0,914,0,2.0x * 1.1x
119,灭世的勇者剑 🗡️ Lv9,198,142,450,0,250,450,475,400,92458,0,10.0x * 2.5x
120,超神的弓 🏹 Lv3,268,159,38,0,0,0,76,0,5948,0,4.0x * 1.2x
121,极差的双手剑 ⚔️ Lv1,105,243,11,0,0,0,-1,0,778,0,0.5x * 0.9x
122,极差的双手剑 ⚔️ Lv10,85,79,36,0,0,0,-7,0,1557,0,0.5x * 3.0x
123,普通的匕首 🔪 Lv9,332,141,0,0,0,0,52,20,3851,0,1.0x * 2.5x
124,普通的大锤 🏏 Lv4,242,124,24,0,0,0,-7,0,1054,0,1.0x * 1.3x
125,普通的法杖 🏏 Lv7,330,75,0,0,46,19,0,0,3055,0,1.0x * 1.6x
126,极差的钢剑 🗡️ Lv3,116,163,7,0,0,0,0,0,551,0,0.5x * 1.2x
127,普通的匕首 🔪 Lv3,479,298,0,0,0,0,30,12,2557,0,1.0x * 1.2x
128,破损的勇者剑 🗡️ Lv8,463,248,22,0,20,17,22,13,4762,0,0.7x * 1.8x
129,普通的匕首 🔪 Lv4,67,108,0,0,0,0,23,6,1580,0,1.0x * 1.3x
130,传奇的木杖 🏏 Lv9,364,258,0,0,30,0,0,0,1879,0,2.0x * 2.5x
131,极差的法杖 🏏 Lv4,391,36,0,0,22,9,0,0,1536,0,0.5x * 1.3x
132,精良的勇者剑 🗡️ Lv9,424,36,48,0,37,67,67,45,12037,0,1.5x * 2.5x
133,破损的勇者剑 🗡️ Lv4,466,36,15,0,9,13,16,15,3331,0,0.7x * 1.3x
134,精良的法杖 🏏 Lv9,247,188,0,0,86,63,0,0,6460,0,1.5x * 2.5x
135,破损的大锤 🏏 Lv3,316,270,19,0,0,0,-4,0,1125,0,0.7x * 1.2x
136,精良的木杖 🏏 Lv8,144,168,0,0,16,0,0,0,1016,0,1.5x * 1.8x
137,普通的小刀 🔪 Lv2,214,50,0,0,0,0,14,0,821,0,1.0x * 1.1x
138,灭世的弓 🏹 Lv3,69,115,108,0,0,0,132,0,12138,0,10.0x * 1.2x
139,锐利的法杖 🏏 Lv7,57,184,0,0,40,38,0,0,3343,0,1.2x * 1.6x
140,传奇的木杖 🏏 Lv2,32,211,0,0,15,0,0,0,971,0,2.0x * 1.1x
141,超神的弓 🏹 Lv1,31,70,43,0,0,0,61,0,5280,0,4.0x * 0.9x
142,超神的小刀 🔪 Lv6,264,132,0,0,0,0,90,0,4720,0,4.0x * 1.5x
143,破损的钢剑 🗡️ Lv1,301,158,10,0,0,0,0,0,758,0,0.7x * 0.9x
144,灭世的小刀 🔪 Lv3,291,52,0,0,0,0,168,0,8549,0,10.0x * 1.2x
145,超神的木剑 🗡️ Lv3,136,47,33,0,0,0,0,0,1742,0,4.0x * 1.2x
146,精良的木剑 🗡️ Lv2,334,234,9,0,0,0,0,0,795,0,1.5x * 1.1x
147,普通的小刀 🔪 Lv3,124,194,0,0,0,0,12,0,835,0,1.0x * 1.2x
148,传奇的木剑 🗡️ Lv10,116,267,24,0,0,0,0,0,1505,0,2.0x * 3.0x
149,极差的木剑 🗡️ Lv8,191,50,6,0,0,0,0,0,413,0,0.5x * 1.8x
150,传奇的大锤 🏏 Lv5,260,125,44,0,0,0,-8,0,2011,0,2.0x * 1.4x
151,传奇的钢剑 🗡️ Lv4,275,271,31,0,0,0,0,0,1912,0,2.0x * 1.3x
152,极差的小刀 🔪 Lv9,170,285,0,0,0,0,17,0,1191,0,0.5x * 2.5x
153,普通的匕首 🔪 Lv6,75,82,0,0,0,0,24,9,1757,0,1.0x * 1.5x
154,极差的大锤 🏏 Lv6,422,39,13,0,0,0,-1,0,779,0,0.5x * 1.5x
155,超神的法杖 🏏 Lv6,382,124,0,0,204,102,0,0,13511,0,4.0x * 1.5x
156,极差的大锤 🏏 Lv7,97,118,12,0,0,0,-3,0,600,0,0.5x * 1.6x
157,普通的弓 🏹 Lv3,471,69,9,0,0,0,19,0,1626,0,1.0x * 1.2x
158,超神的法杖 🏏 Lv9,417,159,0,0,400,100,0,0,23298,0,4.0x * 2.5x
159,锐利的钢剑 🗡️ Lv2,224,288,23,0,0,0,0,0,1512,0,1.2x * 1.1x
160,破损的钢剑 🗡️ Lv2,407,31,10,0,0,0,0,0,666,0,0.7x * 1.1x
161,灭世的双手剑 ⚔️ Lv10,28,81,660,0,0,0,-60,0,30090,0,10.0x * 3.0x
162,极差的双手剑 ⚔️ Lv3,321,38,10,0,0,0,0,0,645,0,0.5x * 1.2x
163,精良的大锤 🏏 Lv3,135,290,39,0,0,0,0,0,2285,0,1.5x * 1.2x
164,灭世的法杖 🏏 Lv3,164,221,0,0,372,192,0,0,24635,0,10.0x * 1.2x
165,灭世的弓 🏹 Lv6,445,246,135,0,0,0,300,0,22144,0,10.0x * 1.5x
166,普通的木杖 🏏 Lv8,303,178,0,0,14,0,0,0,979,0,1.0x * 1.8x
167,超神的法杖 🏏 Lv9,379,209,0,0,310,110,0,0,19135,0,4.0x * 2.5x
168,传奇的弓 🏹 Lv3,277,214,21,0,0,0,45,0,3606,0,2.0x * 1.2x
169,普通的木杖 🏏 Lv1,124,71,0,0,7,0,0,0,462,0,1.0x * 0.9x
170,超神的匕首 🔪 Lv7,122,230,0,0,0,0,115,44,8220,0,4.0x * 1.6x
171,精良的木杖 🏏 Lv4,268,172,0,0,13,0,0,0,911,0,1.5x * 1.3x
172,超神的小刀 🔪 Lv7,367,195,0,0,0,0,83,0,4467,0,4.0x * 1.6x
173,灭世的法杖 🏏 Lv3,370,37,0,0,396,216,0,0,26440,0,10.0x * 1.2x
174,破损的木剑 🗡️ Lv1,331,239,4,0,0,0,0,0,549,0,0.7x * 0.9x
175,传奇的钢剑 🗡️ Lv6,444,288,36,0,0,0,0,0,2236,0,2.0x * 1.5x
176,灭世的钢剑 🗡️ Lv9,158,35,350,0,0,0,0,0,17587,0,10.0x * 2.5x
177,精良的匕首 🔪 Lv1,172,156,0,0,0,0,24,9,1863,0,1.5x * 0.9x
178,极差的木杖 🏏 Lv2,256,115,0,0,2,0,0,0,300,0,0.5x * 1.1x
179,灭世的木剑 🗡️ Lv6,407,170,75,0,0,0,0,0,4055,0,10.0x * 1.5x
180,极差的大锤 🏏 Lv10,405,221,25,0,0,0,-7,0,1256,0,0.5x * 3.0x
181,精良的法杖 🏏 Lv6,207,39,0,0,54,33,0,0,3798,0,1.5x * 1.5x
182,灭世的钢剑 🗡️ Lv8,207,117,324,0,0,0,0,0,16386,0,10.0x * 1.8x
183,超神的木剑 🗡️ Lv1,475,159,21,0,0,0,0,0,1367,0,4.0x * 0.9x
184,灭世的大锤 🏏 Lv6,319,177,300,0,0,0,-150,0,7783,0,10.0x * 1.5x
185,超神的法杖 🏏 Lv9,435,256,0,0,220,180,0,0,16801,0,4.0x * 2.5x
186,传奇的木剑 🗡️ Lv9,454,283,30,0,0,0,0,0,1934,0,2.0x * 2.5x
187,破损的法杖 🏏 Lv2,178,119,0,0,26,7,0,0,1688,0,0.7x * 1.1x
188,灭世的木杖 🏏 Lv7,223,98,0,0,64,0,0,0,3372,0,10.0x * 1.6x
189,极差的匕首 🔪 Lv1,91,225,0,0,0,0,10,4,955,0,0.5x * 0.9x
190,极差的大锤 🏏 Lv8,39,172,14,0,0,0,-6,0,585,0,0.5x * 1.8x
191,超神的小刀 🔪 Lv3,251,198,0,0,0,0,57,0,3131,0,4.0x * 1.2x
192,精良的木杖 🏏 Lv9,423,144,0,0,22,0,0,0,1385,0,1.5x * 2.5x
193,灭世的勇者剑 🗡️ Lv3,427,32,228,0,180,180,192,144,42774,0,10.0x * 1.2x
194,极差的木剑 🗡️ Lv1,436,213,2,0,0,0,0,0,458,0,0.5x * 0.9x
195,普通的大锤 🏏 Lv7,447,285,36,0,0,0,0,0,2234,0,1.0x * 1.6x
196,破损的法杖 🏏 Lv7,338,263,0,0,36,22,0,0,2835,0,0.7x * 1.6x
197,破损的木杖 🏏 Lv8,75,279,0,0,8,0,0,0,704,0,0.7x * 1.8x
198,灭世的法杖 🏏 Lv5,199,179,0,0,490,154,0,0,29365,0,10.0x * 1.4x
199,精良的木剑 🗡️ Lv3,259,281,7,0,0,0,0,0,717,0,1.5x * 1.2x
200,破损的小刀 🔪 Lv7,496,104,0,0,0,0,13,0,919,0,0.7x * 1.6x
201,极差的钢剑 🗡️ Lv10,267,13,25,0,0,0,0,0,1352,0,0.5x * 3.0x
202,灭世的匕首 🔪 Lv7,301,197,0,0,0,0,288,112,20297,0,10.0x * 1.6x
203,超神的匕首 🔪 Lv4,386,240,0,0,0,0,130,46,9168,0,4.0x * 1.3x
204,极差的勇者剑 🗡️ Lv5,478,20,9,0,11,8,9,9,2319,0,0.5x * 1.4x
205,普通的法杖 🏏 Lv1,336,297,0,0,28,11,0,0,2139,0,1.0x * 0.9x
206,极差的勇者剑 🗡️ Lv7,486,220,12,0,16,11,12,14,3412,0,0.5x * 1.6x
207,普通的双手剑 ⚔️ Lv7,419,273,35,0,0,0,-8,0,1762,0,1.0x * 1.6x
208,传奇的匕首 🔪 Lv7,496,30,0,0,0,0,60,22,4295,0,2.0x * 1.6x
209,破损的双手剑 ⚔️ Lv3,122,293,18,0,0,0,0,0,1233,0,0.7x * 1.2x
210,极差的匕首 🔪 Lv8,320,257,0,0,0,0,20,4,1563,0,0.5x * 1.8x
211,灭世的匕首 🔪 Lv6,72,105,0,0,0,0,375,105,24129,0,10.0x * 1.5x
212,灭世的木剑 🗡️ Lv2,79,180,66,0,0,0,0,0,3506,0,10.0x * 1.1x
213,锐利的双手剑 ⚔️ Lv7,428,204,42,0,0,0,1,0,2496,0,1.2x * 1.6x
214,灭世的木杖 🏏 Lv7,142,51,0,0,128,0,0,0,6498,0,10.0x * 1.6x
215,普通的大锤 🏏 Lv4,290,22,19,0,0,0,-11,0,518,0,1.0x * 1.3x
216,超神的钢剑 🗡️ Lv8,270,108,100,0,0,0,0,0,5198,0,4.0x * 1.8x
217,极差的大锤 🏏 Lv9,203,234,27,0,0,0,-10,0,1151,0,0.5x * 2.5x
218,锐利的大锤 🏏 Lv10,153,18,89,0,0,0,-32,0,2919,0,1.2x * 3.0x
219,精良的木杖 🏏 Lv5,108,114,0,0,16,0,0,0,950,0,1.5x * 1.4x
220,灭世的木剑 🗡️ Lv4,95,48,65,0,0,0,0,0,3329,0,10.0x * 1.3x
221,极差的弓 🏹 Lv3,94,205,7,0,0,0,12,0,1186,0,0.5x * 1.2x
222,普通的小刀 🔪 Lv2,489,268,0,0,0,0,16,0,1231,0,1.0x * 1.1x
223,锐利的大锤 🏏 Lv6,343,195,36,0,0,0,0,0,2109,0,1.2x * 1.5x
224,极差的法杖 🏏 Lv1,246,273,0,0,9,5,0,0,955,0,0.5x * 0.9x
225,普通的双手剑 ⚔️ Lv10,487,225,57,0,0,0,3,0,3387,0,1.0x * 3.0x
226,传奇的弓 🏹 Lv5,266,201,22,0,0,0,50,0,3889,0,2.0x * 1.4x
227,灭世的小刀 🔪 Lv8,138,106,0,0,0,0,180,0,9152,0,10.0x * 1.8x
228,破损的法杖 🏏 Lv2,360,150,0,0,20,10,0,0,1570,0,0.7x * 1.1x
229,极差的法杖 🏏 Lv2,470,206,0,0,14,6,0,0,1242,0,0.5x * 1.1x
230,超神的法杖 🏏 Lv9,332,280,0,0,230,100,0,0,14890,0,4.0x * 2.5x
231,极差的钢剑 🗡️ Lv10,298,139,25,0,0,0,0,0,1488,0,0.5x * 3.0x
232,普通的木剑 🗡️ Lv8,66,198,9,0,0,0,0,0,670,0,1.0x * 1.8x
233,普通的大锤 🏏 Lv4,237,189,22,0,0,0,-11,0,818,0,1.0x * 1.3x
234,锐利的钢剑 🗡️ Lv8,320,117,34,0,0,0,0,0,1923,0,1.2x * 1.8x
235,锐利的大锤 🏏 Lv6,85,252,39,0,0,0,-16,0,1430,0,1.2x * 1.5x
236,传奇的双手剑 ⚔️ Lv6,465,217,45,0,0,0,-15,0,1872,0,2.0x * 1.5x
237,灭世的勇者剑 🗡️ Lv10,265,193,510,0,450,360,600,540,116081,0,10.0x * 3.0x
238,锐利的木杖 🏏 Lv5,436,62,0,0,6,0,0,0,507,0,1.2x * 1.4x
239,灭世的小刀 🔪 Lv9,471,78,0,0,0,0,250,0,12735,0,10.0x * 2.5x
240,普通的双手剑 ⚔️ Lv1,244,237,19,0,0,0,0,0,1268,0,1.0x * 0.9x
241,破损的钢剑 🗡️ Lv3,427,186,15,0,0,0,0,0,1078,0,0.7x * 1.2x
242,超神的小刀 🔪 Lv5,274,101,0,0,0,0,56,0,2992,0,4.0x * 1.4x
243,传奇的弓 🏹 Lv3,484,283,26,0,0,0,36,0,3544,0,2.0x * 1.2x
244,灭世的木杖 🏏 Lv2,147,147,0,0,88,0,0,0,4596,0,10.0x * 1.1x
245,传奇的匕首 🔪 Lv3,206,84,0,0,0,0,60,21,4202,0,2.0x * 1.2x
246,锐利的法杖 🏏 Lv8,289,10,0,0,43,38,0,0,3396,0,1.2x * 1.8x
247,破损的钢剑 🗡️ Lv9,459,157,26,0,0,0,0,0,1610,0,0.7x * 2.5x
248,普通的钢剑 🗡️ Lv1,393,183,12,0,0,0,0,0,914,0,1.0x * 0.9x
249,极差的匕首 🔪 Lv10,154,19,0,0,0,0,36,7,2220,0,0.5x * 3.0x
250,锐利的木杖 🏏 Lv4,300,179,0,0,6,0,0,0,579,0,1.2x * 1.3x
251,传奇的木杖 🏏 Lv6,320,260,0,0,12,0,0,0,966,0,2.0x * 1.5x
252,精良的木杖 🏏 Lv3,304,103,0,0,10,0,0,0,704,0,1.5x * 1.2x
253,灭世的弓 🏹 Lv1,187,145,72,0,0,0,117,0,9657,0,10.0x * 0.9x
254,传奇的小刀 🔪 Lv9,388,252,0,0,0,0,50,0,2881,0,2.0x * 2.5x
255,普通的匕首 🔪 Lv1,497,67,0,0,0,0,14,7,1282,0,1.0x * 0.9x
256,极差的双手剑 ⚔️ Lv1,289,58,10,0,0,0,0,0,654,0,0.5x * 0.9x
257,极差的弓 🏹 Lv3,42,119,6,0,0,0,10,0,933,0,0.5x * 1.2x
258,传奇的木剑 🗡️ Lv7,460,38,19,0,0,0,0,0,1141,0,2.0x * 1.6x
259,极差的小刀 🔪 Lv3,29,185,0,0,0,0,6,0,494,0,0.5x * 1.2x
260,精良的钢剑 🗡️ Lv3,480,185,32,0,0,0,0,0,1945,0,1.5x * 1.2x
261,传奇的勇者剑 🗡️ Lv7,366,48,64,0,64,44,38,60,12790,0,2.0x * 1.6x
262,普通的大锤 🏏 Lv5,135,131,22,0,0,0,0,0,1276,0,1.0x * 1.4x
263,超神的匕首 🔪 Lv2,72,51,0,0,0,0,74,39,5725,0,4.0x * 1.1x
264,传奇的木杖 🏏 Lv7,40,138,0,0,16,0,0,0,951,0,2.0x * 1.6x
265,精良的钢剑 🗡️ Lv5,427,146,31,0,0,0,0,0,1838,0,1.5x * 1.4x
266,传奇的双手剑 ⚔️ Lv3,335,150,64,0,0,0,2,0,3561,0,2.0x * 1.2x
267,超神的勇者剑 🗡️ Lv8,367,64,86,0,72,115,79,129,21936,0,4.0x * 1.8x
268,极差的大锤 🏏 Lv7,424,16,12,0,0,0,-7,0,407,0,0.5x * 1.6x
269,锐利的法杖 🏏 Lv8,121,247,0,0,56,34,0,0,4107,0,1.2x * 1.8x
270,超神的钢剑 🗡️ Lv7,108,72,96,0,0,0,0,0,4908,0,4.0x * 1.6x
271,破损的大锤 🏏 Lv4,43,220,21,0,0,0,0,0,1284,0,0.7x * 1.3x
272,普通的匕首 🔪 Lv1,372,216,0,0,0,0,18,7,1590,0,1.0x * 0.9x
273,极差的小刀 🔪 Lv1,349,188,0,0,0,0,6,0,604,0,0.5x * 0.9x
274,超神的小刀 🔪 Lv5,162,120,0,0,0,0,72,0,3774,0,4.0x * 1.4x
275,极差的小刀 🔪 Lv6,402,30,0,0,0,0,9,0,614,0,0.5x * 1.5x
276,极差的双手剑 ⚔️ Lv7,186,221,21,0,0,0,0,0,1333,0,0.5x * 1.6x
277,锐利的木杖 🏏 Lv10,455,295,0,0,25,0,0,0,1696,0,1.2x * 3.0x
278,锐利的匕首 🔪 Lv4,324,290,0,0,0,0,24,15,2348,0,1.2x * 1.3x
279,锐利的勇者剑 🗡️ Lv3,383,128,18,0,23,28,27,17,5345,0,1.2x * 1.2x
280,锐利的木剑 🗡️ Lv6,80,96,12,0,0,0,0,0,722,0,1.2x * 1.5x
281,精良的弓 🏹 Lv7,126,65,21,0,0,0,45,0,3407,0,1.5x * 1.6x
282,锐利的木剑 🗡️ Lv7,168,178,13,0,0,0,0,0,884,0,1.2x * 1.6x
283,灭世的匕首 🔪 Lv9,276,275,0,0,0,0,500,225,36617,0,10.0x * 2.5x
284,精良的弓 🏹 Lv2,344,206,16,0,0,0,23,0,2270,0,1.5x * 1.1x
285,灭世的钢剑 🗡️ Lv10,464,116,390,0,0,0,0,0,19770,0,10.0x * 3.0x
286,超神的双手剑 ⚔️ Lv2,323,277,110,0,0,0,-17,0,5034,0,4.0x * 1.1x
287,精良的大锤 🏏 Lv6,380,71,38,0,0,0,-4,0,1897,0,1.5x * 1.5x
288,传奇的双手剑 ⚔️ Lv6,208,43,72,0,0,0,-3,0,3562,0,2.0x * 1.5x
289,锐利的大锤 🏏 Lv3,137,291,28,0,0,0,-2,0,1636,0,1.2x * 1.2x
290,传奇的小刀 🔪 Lv4,292,233,0,0,0,0,39,0,2280,0,2.0x * 1.3x
291,灭世的法杖 🏏 Lv8,184,223,0,0,594,306,0,0,39164,0,10.0x * 1.8x
292,破损的弓 🏹 Lv2,201,235,9,0,0,0,9,0,1202,0,0.7x * 1.1x
293,超神的匕首 🔪 Lv2,158,146,0,0,0,0,79,26,5448,0,4.0x * 1.1x
294,普通的大锤 🏏 Lv2,158,228,27,0,0,0,1,0,1680,0,1.0x * 1.1x
295,普通的弓 🏹 Lv5,240,211,14,0,0,0,16,0,1791,0,1.0x * 1.4x
296,破损的勇者剑 🗡️ Lv7,228,40,13,0,17,12,15,13,3376,0,0.7x * 1.6x
297,极差的勇者剑 🗡️ Lv6,137,64,12,0,7,10,12,13,2609,0,0.5x * 1.5x
298,传奇的钢剑 🗡️ Lv8,316,228,50,0,0,0,0,0,2833,0,2.0x * 1.8x
299,灭世的匕首 🔪 Lv10,272,170,0,0,0,0,450,150,30260,0,10.0x * 3.0x